Feature,Score
ABSNJZH,0.1492669241509689
USFLUX,0.826063736640861
MEANJZH,0.42502931963855045
TOTFY,1.12694449604869
EPSX,0.9962528166183836
