Feature,Coefficient
TOTUSJH,0.4259182785200994
TOTBSQ,1.070036071704643
USFLUX,4.24365783122514
EPSZ,0.12671063626192813
MEANGBT,6.553461991294343e-11
MEANGBZ,3.7422206626688905e-13
MEANGBH,6.303459736490684e-11
MEANJZH,1.5203487548766392
MEANALP,1.1408781652164517
EPSX,2.653202493791133
